SNR,"No decoding",Demodulated
0.00000000,0.07894786,0.00170078
0.50000000,0.06720642,0.00023427
1.00000000,0.05663631,0.00000000
1.50000000,0.04709228,0.00000000
2.00000000,0.03808239,0.00000000
2.50000000,0.02991117,0.00000000
3.00000000,0.02293471,0.00000000
3.50000000,0.01720454,0.00000937
4.00000000,0.01262229,0.00000000
4.50000000,0.00893024,0.00000000
5.00000000,0.00606282,0.00000000
