SNR,"No decoding",Demodulated
0.00000000,0.07836308,0.00051600
0.50000000,0.06697007,0.00012900
1.00000000,0.05626306,0.00000000
1.50000000,0.04646605,0.00000000
2.00000000,0.03744004,0.00000000
2.50000000,0.02948203,0.00000000
3.00000000,0.02274002,0.00000100
3.50000000,0.01692802,0.00000000
4.00000000,0.01227201,0.00000200
4.50000000,0.00868501,0.00000300
5.00000000,0.00573601,0.00000200
